<?xml version="1.0" encoding="UTF-8"?>
<root>
  <item name="com.afollestad.materialdialogs.util.DialogUtils android.content.res.ColorStateList getActionTextColorStateList(android.content.Context, int) 1">
    <annotation name="android.support.annotation.ColorRes" />
  </item>
  <item name="com.afollestad.materialdialogs.util.DialogUtils android.content.res.ColorStateList resolveActionTextColorStateList(android.content.Context, int, android.content.res.ColorStateList) 1">
    <annotation name="android.support.annotation.AttrRes" />
  </item>
  <item name="com.afollestad.materialdialogs.util.DialogUtils android.graphics.drawable.Drawable resolveDrawable(android.content.Context, int) 1">
    <annotation name="android.support.annotation.AttrRes" />
  </item>
  <item name="com.afollestad.materialdialogs.util.DialogUtils android.graphics.drawable.Drawable resolveDrawable(android.content.Context, int, android.graphics.drawable.Drawable) 1">
    <annotation name="android.support.annotation.AttrRes" />
  </item>
  <item name="com.afollestad.materialdialogs.util.DialogUtils boolean resolveBoolean(android.content.Context, int) 1">
    <annotation name="android.support.annotation.AttrRes" />
  </item>
  <item name="com.afollestad.materialdialogs.util.DialogUtils boolean resolveBoolean(android.content.Context, int, boolean) 1">
    <annotation name="android.support.annotation.AttrRes" />
  </item>
  <item name="com.afollestad.materialdialogs.util.DialogUtils com.afollestad.materialdialogs.GravityEnum resolveGravityEnum(android.content.Context, int, com.afollestad.materialdialogs.GravityEnum) 1">
    <annotation name="android.support.annotation.AttrRes" />
  </item>
  <item name="com.afollestad.materialdialogs.util.DialogUtils int resolveColor(android.content.Context, int) 1">
    <annotation name="android.support.annotation.AttrRes" />
  </item>
  <item name="com.afollestad.materialdialogs.util.DialogUtils int resolveColor(android.content.Context, int, int) 1">
    <annotation name="android.support.annotation.AttrRes" />
  </item>
  <item name="com.afollestad.materialdialogs.util.DialogUtils int resolveDimension(android.content.Context, int) 1">
    <annotation name="android.support.annotation.AttrRes" />
  </item>
  <item name="com.afollestad.materialdialogs.util.DialogUtils int resolveDimension(android.content.Context, int, int) 1">
    <annotation name="android.support.annotation.AttrRes" />
  </item>
  <item name="com.afollestad.materialdialogs.util.DialogUtils java.lang.String resolveString(android.content.Context, int) 1">
    <annotation name="android.support.annotation.AttrRes" />
  </item>
</root>

